Word,Time
Branding,4
Apache,4
React/Flux,4
Hive,4
Customer Success,4
Prototyping,4
Automation,4
XML,4
Analytics,4
ReactJS,4
Artificial Intelligence,4
Mvc,4
Symfony2,4
Creative Direction,4
Ecommerce,4
Heroku,4
UX/UI Designer,4
Image Processing,4
NodeJS,4
Predictive Analytics,4
Finance/Accounting,4
TDD,4
Embedded Firmware Development,4
Continuous Deployment,4
Kafka,4
Design,4
.NET,4
Data Engineering,4
Android Application Development,4
Wordpress,4
Shell Scripting,4
Data Visualization,4
Arduino,4
SaaS,4
Scalable Systems,4
Computer Science,5
Mobile UI Interaction,5
Rabbitmq,5
Selenium,5
Bootstrap,5
Adobe Indesign,5
Deep Learning,5
APIs,5
Ansible,5
Front-End/Full-Stack UI-AngularJS-JS-NodeJS,5
Technical Support,5
Meteor,5
Github,5
Wireframing,5
Unity3D,5
Linux System Administration,5
Xcode,5
Laravel,6
Matlab,6
Machine Learning Data Science Python Perl R,6
JSON,6
Nginx,6
Rapid Prototyping,6
Android SDK,6
Communication Skills,6
Sass,6
Continuous Integration,6
Cloud Computing,6
Twitter Bootstrap,6
D3.js,6
Statistics,7
AWS,7
Sales,7
Ember.js,7
QA Testing,7
Android Design,7
Data Mining,7
Test Driven Development,7
Hibernate,7
Coffeescript,7
ElasticSearch,7
Operations,8
Software,8
Natural Language Processing,8
Algorithms & Data Structures,8
Computer Vision,8
Software Testing,8
iOS Design,8
Product Development,8
Backend Development,8
python/django,9
User Research,9
Spring,9
Interaction Design,9
Photoshop,9
Product Manager,9
Web Design,9
JSON / XML / HTML / Javascript / JQuery,9
Material Design,10
Mobile,10
docker,10
R,10
Algorithms,11
Sketch,11
Hardware Engineer,11
Security,11
Product Design,12
React Native,12
User Researcher,12
REST APIs,12
AngularJS,12
Adobe Creative Suite,12
Software Architecture,12
Cassandra,13
Adobe Illustrator,13
Engineering Manager,13
Apache Spark,13
RESTful Services,14
REST,14
Unix,14
API,14
C#,15
Backbone.js,15
Full-Stack Web Development,15
AWS/EC2/ELB/S3/DynamoDB,15
Software Engineering,15
iOS,15
Marketing,16
C,16
Software Development,16
Mobile Development,17
Graphic Design,17
Distributed Systems,17
noSQL,17
Visual Design,17
Django,17
Web Development,18
Objective C,18
Data Analysis,19
Databases,20
Front-End Development,20
Big Data,20
Adobe Photoshop,20
Data Science,21
Mobile Application Development,21
QA Engineer,21
Golang,21
Mobile Application Design,23
Scala,24
Redis,24
SQL,24
User Interface Design,26
Objective-C,27
jQuery,27
Linux,27
HTML/CSS/PHP/MYSQL,27
Ruby,28
Hadoop,28
Git,30
C++,32
Swift,32
UI/UX Design,33
User Experience Design,36
Amazon Web Services,37
Visual Designer,38
MongoDB,38
PHP,39
PostgreSQL,40
Machine Learning,40
DevOps,55
React.js,56
HTML5 & CSS3,58
Angular.JS,59
MySQL,61
HTML,62
CSS,64
iOS Development,66
Node.js,74
Android,76
Ruby on Rails,78
Data Scientist,89
Designer,99
Java,100
UI/UX Designer,105
Python,121
Frontend Developer,177
Mobile Developer,177
Javascript,201
Backend Developer,222
Full-Stack Developer,262
Software Engineer,479
